{
    "timeframeMap": {
        "envPeriod": "30m",
        "signalPeriod": "15m"
    },
    "symbolList": [
        "RU88:CTP"
    ],
    "barPeriod": 150,
    "envPeriod": 100,
    "regPeriod": 40,
    "residualSmaPeriod": 12,
    "residualLmaPeriod": 30,
    "stoplossPct": 0.1,
    "posTime": 1,
    "addPct": 0.01,
    "lot": 30,
    "startDate": "2018-11-30",
    "endDate": "2019-03-20",
    "totalDays": 72,
    "profitDays": 32,
    "lossDays": 39,
    "endBalance": 1048560.775,
    "maxDrawdown": -22277.84999999986,
    "maxDdPercent": -2.081223862787014,
    "totalNetPnl": 48560.77500000001,
    "dailyNetPnl": 674.4552083333334,
    "totalCommission": 28797.225000000002,
    "dailyCommission": 399.9614583333334,
    "totalSlippage": 492.0,
    "dailySlippage": 6.833333333333333,
    "totalTurnover": 57594450.0,
    "dailyTurnover": 799922.9166666666,
    "totalTradeCount": 107,
    "dailyTradeCount": 1.4861111111111112,
    "totalReturn": 4.856077500000011,
    "annualizedReturn": 16.186925000000038,
    "dailyReturn": 0.06744552083333334,
    "returnStd": 0.8103909199634113,
    "sharpeRatio": 1.2893302357118175
}